policy,mean_ms,p50_ms,p90_ms
raw,0.07159352564000389,0.07285649999744237,0.08451030000173887
weak,0.07640226923163376,0.08093599998915124,0.09199789999456698
pseudo,0.08515657692151844,0.08733349999090478,0.10264109999127413
redact,0.08221885897286577,0.08763399999622834,0.09822800000165444
adaptive,1.7554260384629607,0.9306995000031293,1.1335454000118261
